"demo","backend","reqResolved","exit","shot","errors","submitFail","uboOverflow","shaderFail","retries","software","adapter"
"phase1_2d_showcase","opengl","OpenGL",,"True","6","0","0","0","0","0","NVIDIA GeForce RTX 3070/PCIe/SSE2"
"phase1_2d_physics_showcase","opengl","OpenGL",,"True","0","0","0","0","0","0","NVIDIA GeForce RTX 3070/PCIe/SSE2"
"3d_advanced_pbr_showcase","opengl","OpenGL",,"True","0","0","0","0","0","0","NVIDIA GeForce RTX 3070/PCIe/SSE2"
"3d_animation_basic","opengl","OpenGL",,"True","0","0","0","0","0","0","NVIDIA GeForce RTX 3070/PCIe/SSE2"
"3d_animation_ik_layers","opengl","OpenGL",,"True","210","0","0","0","0","0","NVIDIA GeForce RTX 3070/PCIe/SSE2"
"3d_asset_pack_showcase","opengl","OpenGL",,"True","0","0","0","0","0","0","NVIDIA GeForce RTX 3070/PCIe/SSE2"
"3d_audio_complete","opengl","OpenGL",,"True","0","0","0","0","0","0","NVIDIA GeForce RTX 3070/PCIe/SSE2"
"3d_audio_spatial","opengl","OpenGL",,"True","0","0","0","0","0","0","NVIDIA GeForce RTX 3070/PCIe/SSE2"
"3d_buoyancy","opengl","OpenGL",,"True","0","0","0","0","0","0","NVIDIA GeForce RTX 3070/PCIe/SSE2"
"3d_camera_showcase","opengl","OpenGL",,"True","0","0","0","0","0","0","NVIDIA GeForce RTX 3070/PCIe/SSE2"
"3d_character_controller","opengl","OpenGL",,"True","0","0","0","0","0","0","NVIDIA GeForce RTX 3070/PCIe/SSE2"
"3d_character_third_person","opengl","OpenGL",,"True","0","0","0","0","0","0","NVIDIA GeForce RTX 3070/PCIe/SSE2"
"3d_cloth","opengl","OpenGL",,"True","0","0","0","0","0","0","NVIDIA GeForce RTX 3070/PCIe/SSE2"
"3d_compute_basic","opengl","OpenGL",,"True","0","0","0","0","0","0","NVIDIA GeForce RTX 3070/PCIe/SSE2"
"3d_decal","opengl","OpenGL",,"True","0","0","0","0","0","0","NVIDIA GeForce RTX 3070/PCIe/SSE2"
"3d_fluid","opengl","OpenGL",,"True","0","0","0","0","0","0","NVIDIA GeForce RTX 3070/PCIe/SSE2"
"3d_fog_atmosphere","opengl","OpenGL",,"True","0","0","0","0","0","0","NVIDIA GeForce RTX 3070/PCIe/SSE2"
"3d_fracture","opengl","OpenGL",,"True","0","0","0","0","0","0","NVIDIA GeForce RTX 3070/PCIe/SSE2"
"3d_gi_probe","opengl","OpenGL",,"True","0","0","0","0","0","0","NVIDIA GeForce RTX 3070/PCIe/SSE2"
"3d_gpu_culling","opengl","OpenGL",,"True","0","0","0","0","0","0","NVIDIA GeForce RTX 3070/PCIe/SSE2"
"3d_hair","opengl","OpenGL",,"True","560","0","0","0","0","0","NVIDIA GeForce RTX 3070/PCIe/SSE2"
"3d_hud_overlay","opengl","OpenGL",,"True","0","0","0","0","0","0","NVIDIA GeForce RTX 3070/PCIe/SSE2"
"3d_input_showcase","opengl","OpenGL",,"True","0","0","0","0","0","0","NVIDIA GeForce RTX 3070/PCIe/SSE2"
"3d_instancing","opengl","OpenGL",,"True","0","0","0","0","0","0","NVIDIA GeForce RTX 3070/PCIe/SSE2"
"3d_jolt_physics_verify","opengl","OpenGL",,"True","0","0","0","0","0","0","NVIDIA GeForce RTX 3070/PCIe/SSE2"
"3d_light_probe","opengl","OpenGL",,"True","0","0","0","0","0","0","NVIDIA GeForce RTX 3070/PCIe/SSE2"
"3d_lighting_showcase","opengl","OpenGL",,"True","0","0","0","0","0","0","NVIDIA GeForce RTX 3070/PCIe/SSE2"
"3d_lod","opengl","OpenGL",,"True","0","0","0","0","0","0","NVIDIA GeForce RTX 3070/PCIe/SSE2"
"3d_material_showcase","opengl","OpenGL",,"True","0","0","0","0","0","0","NVIDIA GeForce RTX 3070/PCIe/SSE2"
"3d_metrics_debug","opengl","OpenGL",,"True","0","0","0","0","0","0","NVIDIA GeForce RTX 3070/PCIe/SSE2"
"3d_morph_target","opengl","OpenGL",,"True","0","0","0","0","0","0","NVIDIA GeForce RTX 3070/PCIe/SSE2"
"3d_navmesh","opengl","OpenGL",,"True","0","0","0","0","0","0","NVIDIA GeForce RTX 3070/PCIe/SSE2"
"3d_particles_showcase","opengl","OpenGL",,"True","0","0","0","0","0","0","NVIDIA GeForce RTX 3070/PCIe/SSE2"
"3d_physics_interaction","opengl","OpenGL",,"True","0","0","0","0","0","0","NVIDIA GeForce RTX 3070/PCIe/SSE2"
"3d_physics_raycast_pick","opengl","OpenGL",,"True","0","0","0","0","0","0","NVIDIA GeForce RTX 3070/PCIe/SSE2"
"3d_physics_stack","opengl","OpenGL",,"True","0","0","0","0","0","0","NVIDIA GeForce RTX 3070/PCIe/SSE2"
"3d_physics_triggers","opengl","OpenGL",,"True","0","0","0","0","0","0","NVIDIA GeForce RTX 3070/PCIe/SSE2"
"3d_postprocess_effects","opengl","OpenGL",,"True","0","0","0","0","0","0","NVIDIA GeForce RTX 3070/PCIe/SSE2"
"3d_postprocess_showcase","opengl","OpenGL",,"True","0","0","0","0","0","0","NVIDIA GeForce RTX 3070/PCIe/SSE2"
"3d_procedural_mesh","opengl","OpenGL",,"True","0","0","0","0","0","0","NVIDIA GeForce RTX 3070/PCIe/SSE2"
"3d_ragdoll","opengl","OpenGL",,"True","0","0","0","0","0","0","NVIDIA GeForce RTX 3070/PCIe/SSE2"
"3d_reflection_probe","opengl","OpenGL",,"True","0","0","0","0","0","0","NVIDIA GeForce RTX 3070/PCIe/SSE2"
"3d_render_quality_showcase","opengl","OpenGL",,"True","0","0","0","0","0","0","NVIDIA GeForce RTX 3070/PCIe/SSE2"
"3d_rope","opengl","OpenGL",,"True","0","0","0","0","0","0","NVIDIA GeForce RTX 3070/PCIe/SSE2"
"3d_scene_load","opengl","OpenGL",,"True","0","0","0","0","0","0","NVIDIA GeForce RTX 3070/PCIe/SSE2"
"3d_scene_showcase","opengl","OpenGL",,"True","0","0","0","0","0","0","NVIDIA GeForce RTX 3070/PCIe/SSE2"
"3d_shadow_showcase","opengl","OpenGL",,"True","0","0","0","0","0","0","NVIDIA GeForce RTX 3070/PCIe/SSE2"
"3d_skybox_environment","opengl","OpenGL",,"True","0","0","0","0","0","0","NVIDIA GeForce RTX 3070/PCIe/SSE2"
"3d_softbody","opengl","OpenGL",,"True","0","0","0","0","0","0","NVIDIA GeForce RTX 3070/PCIe/SSE2"
"3d_static_model","opengl","OpenGL",,"True","0","0","0","0","0","0","NVIDIA GeForce RTX 3070/PCIe/SSE2"
"3d_steering_behavior","opengl","OpenGL",,"True","0","0","0","0","0","0","NVIDIA GeForce RTX 3070/PCIe/SSE2"
"3d_streaming_load","opengl","OpenGL",,"True","0","0","0","0","0","0","NVIDIA GeForce RTX 3070/PCIe/SSE2"
"3d_terrain_heightmap","opengl","OpenGL",,"True","0","0","0","0","0","0","NVIDIA GeForce RTX 3070/PCIe/SSE2"
"3d_terrain_lod_zones","opengl","OpenGL",,"True","0","0","0","0","0","0","NVIDIA GeForce RTX 3070/PCIe/SSE2"
"3d_texture_material_slots","opengl","OpenGL",,"True","0","0","0","0","0","0","NVIDIA GeForce RTX 3070/PCIe/SSE2"
"3d_textured_cube","opengl","OpenGL",,"True","0","0","0","0","0","0","NVIDIA GeForce RTX 3070/PCIe/SSE2"
"3d_transparency","opengl","OpenGL",,"True","0","0","0","0","0","0","NVIDIA GeForce RTX 3070/PCIe/SSE2"
"3d_vehicle","opengl","OpenGL",,"True","0","0","0","0","0","0","NVIDIA GeForce RTX 3070/PCIe/SSE2"
"3d_water","opengl","OpenGL",,"True","0","0","0","0","0","0","NVIDIA GeForce RTX 3070/PCIe/SSE2"
"3d_cube","opengl","OpenGL",,"True","0","0","0","0","0","0","NVIDIA GeForce RTX 3070/PCIe/SSE2"
"3d_square","opengl","OpenGL",,"True","0","0","0","0","0","0","NVIDIA GeForce RTX 3070/PCIe/SSE2"
"3d_triangle","opengl","OpenGL",,"True","0","0","0","0","0","0","NVIDIA GeForce RTX 3070/PCIe/SSE2"
